S,B,latency_s,memory_bytes,energy_j,is_oom,is_validation
32,1,0.000968725,18763776,0.027684,0,0
32,2,0.001423466,18874368,0.040764,0,0
32,4,0.001631836,19095552,0.046524,0,0
32,8,0.000893506,19537920,0.025665,0,0
32,16,0.001032587,14843904,0.029801,0,0
32,32,0.001441409,15958016,0.042072,0,0
32,64,0.001871115,18186240,0.056242,0,0
32,128,0.003950143,59342848,0.122034,0,0
32,256,0.006880659,103669760,0.231524,0,0
64,1,0.000920394,23969792,0.026964,0,0
64,2,0.001079927,24117248,0.031600,0,0
64,4,0.001063762,24903680,0.031136,0,0
64,8,0.001173075,17793536,0.033934,0,0
64,16,0.001311561,19497472,0.038421,0,0
64,32,0.002017730,22642688,0.059341,0,0
64,64,0.002914805,31555584,0.088323,0,0
64,128,0.007510117,76210176,0.257503,0,0
64,256,0.010671398,138272768,0.465817,0,0
128,1,0.001135519,24412160,0.035279,0,0
128,2,0.001073154,17794048,0.031599,0,0
128,4,0.001449041,19497984,0.042413,0,0
128,8,0.002224476,22642688,0.065515,0,0
128,16,0.002912151,31555584,0.095727,0,0
128,32,0.005143864,49381376,0.168904,0,0
128,64,0.008965882,119316480,0.352422,0,0
128,128,0.016953488,223518720,0.701807,0,0
128,256,0.027844014,431923200,1.712240,0,0
224,1,0.001215264,18699776,0.051059,0,0
224,2,0.001225960,21308928,0.047957,0,0
224,4,0.001225947,27435008,0.050139,0,0
224,8,0.003769467,41426944,0.127353,0,0
224,16,0.007390602,68321280,0.251458,0,0
224,32,0.011073713,174673920,0.450783,0,0
224,64,0.014693649,334233600,0.762887,0,0
224,128,0.045207795,653885440,2.760026,0,0
224,256,0.096202304,1291943936,6.567202,0,0
256,1,0.000935901,19499008,0.037378,0,0
256,2,0.000883747,22906880,0.036053,0,0
256,4,0.001305333,31555584,0.057074,0,0
256,8,0.002400120,49381376,0.113622,0,0
256,16,0.007080906,119316480,0.262673,0,0
256,32,0.011719765,223518720,0.535130,0,0
256,64,0.015857047,431923200,1.031842,0,0
256,128,0.058195065,848732160,3.672516,0,0
256,256,0.121735598,1683062784,7.294032,0,0
384,1,0.001054611,23822336,0.040104,0,0
384,2,0.001607643,33783808,0.060395,0,0
384,4,0.002701775,53837824,0.120480,0,0
384,8,0.007070349,94601216,0.308497,0,0
384,16,0.011257664,225687552,0.520369,0,0
384,32,0.018248521,436260864,1.083287,0,0
384,64,0.038191275,857407488,2.406451,0,0
384,128,0.139374025,1699700736,9.987264,0,0
384,256,0.291008755,3384287232,18.489678,0,0
512,1,0.001421821,32210944,0.066659,0,0
512,2,0.002394324,50036736,0.114615,0,0
512,4,0.004423952,85032960,0.234863,0,0
512,8,0.010253595,156336128,0.463914,0,0
512,16,0.016890887,399734784,0.902168,0,0
512,32,0.033904528,784355328,2.152344,0,0
512,64,0.074890054,1553596416,4.541408,0,0
512,128,0.260502419,3092078592,17.015888,0,0
512,256,0.545316943,6169042944,34.882289,0,0
32,37,0.000829091,16306176,0.036894,0,1
32,87,0.001590211,44571136,0.077349,0,1
32,124,0.001961622,57509888,0.099942,0,1
64,37,0.000921084,24866816,0.044174,0,1
64,87,0.005291084,56330752,0.204656,0,1
64,124,0.007443920,74270720,0.284723,0,1
128,37,0.005568225,54951936,0.208536,0,1
128,87,0.015737553,166109184,0.653494,0,1
128,124,0.015372252,221159424,0.838026,0,1
224,37,0.008522425,234584064,0.476919,0,1
224,87,0.032249499,477536256,2.011208,0,1
224,124,0.046283310,646660096,2.860447,0,1
256,37,0.010996920,301768704,0.621051,0,1
256,87,0.041018154,619094016,2.934357,0,1
256,124,0.059795855,839294976,3.554953,0,1
384,37,0.022567098,588441600,1.326618,0,1
384,87,0.105202501,1230778368,6.465640,0,1
384,124,0.154586645,1678467072,9.203857,0,1
512,37,0.046129776,1065166848,2.755608,0,1
512,87,0.200625667,2237902848,12.594276,0,1
512,124,0.287404013,3054329856,17.585102,0,1
48,1,0.001040426,14255616,0.050874,0,1
48,2,0.001150053,14043136,0.053626,0,1
48,4,0.001164501,14356480,0.054610,0,1
48,8,0.001549786,14983168,0.053323,0,1
48,16,0.001411047,16236544,0.048468,0,1
48,32,0.001701319,18743296,0.058866,0,1
48,64,0.002502328,23822336,0.088113,0,1
48,128,0.004821806,66117632,0.177792,0,1
48,256,0.009137874,118087680,0.361622,0,1
208,1,0.001203880,18340352,0.041483,0,1
208,2,0.001552215,20590080,0.053384,0,1
208,4,0.002491929,25497600,0.086279,0,1
208,8,0.003865412,37265408,0.141520,0,1
208,16,0.006798418,60801024,0.270903,0,1
208,32,0.009717752,139714560,0.391781,0,1
208,64,0.013601279,264314880,0.664851,0,1
208,128,0.037801267,513515520,2.638037,0,1
208,256,0.082153991,1011916800,5.590497,0,1
368,1,0.001437298,23638016,0.056655,0,1
368,2,0.001798694,32489472,0.067742,0,1
368,4,0.003124022,50907136,0.124898,0,1
368,8,0.008231086,87400448,0.333721,0,1
368,16,0.011850426,219600896,0.544183,0,1
368,32,0.019004559,422400000,1.053888,0,1
368,64,0.037843796,829685760,2.516575,0,1
368,128,0.147437542,1644257280,9.842635,0,1
368,256,0.306393115,3273400320,19.402191,0,1
416,1,0.001111566,25497600,0.054736,0,1
416,2,0.001798659,37265408,0.096403,0,1
416,4,0.003083486,60801024,0.163893,0,1
416,8,0.007380461,107872256,0.388223,0,1
416,16,0.011917822,264314880,0.677403,0,1
416,32,0.022614179,513515520,1.380697,0,1
416,64,0.049116750,1011916800,2.980601,0,1
416,128,0.182569575,2008719360,11.553368,0,1
416,256,0.379306447,4002324480,22.844869,0,1
48,37,0.000985293,19526656,0.042031,0,1
48,87,0.002032398,49470976,0.089651,0,1
48,124,0.002614100,64493568,0.118048,0,1
208,37,0.006820416,184882176,0.350624,0,1
208,87,0.025976566,374897664,2.153925,0,1
208,124,0.037170321,507285504,2.395702,0,1
368,37,0.022252877,572414976,1.294661,0,1
368,87,0.101032676,1193094144,7.039553,0,1
368,124,0.146814793,1624756224,9.476968,0,1
416,37,0.028059769,694185984,1.676220,0,1
416,87,0.121437806,1454247936,7.244433,0,1
416,124,0.176594998,1983799296,11.113565,0,1
